{
  "timestamp": "2026-04-16",
  "mode": "multiclasse",
  "fp32_accuracy": 0.9458272327964861,
  "q17_accuracy": 0.9453391898487067,
  "accuracy_degradation": 0.00048804294777937685,
  "fp32_f1": 0.952104436176185,
  "q17_f1": 0.9518002873355652,
  "f1_degradation": 0.0003041488406198001,
  "fp32_auc": 0.9982358761772285,
  "q17_auc": 0.9982568577438382,
  "auc_degradation": -2.0981566609679092e-05,
  "mean_prediction_difference": 0.0002380421938141808,
  "max_prediction_difference": 0.043399035930633545,
  "changed_predictions": 3,
  "changed_predictions_rate": 0.0014641288433382138,
  "validation_passed": true,
  "thresholds": {
    "max_mean_diff": 0.02,
    "max_changed_rate": 0.05,
    "max_degradation": 0.01
  }
}