{
  "timestamp": "2026-04-17",
  "mode": "multiclasse",
  "fp32_accuracy": 0.9408640226628895,
  "q17_accuracy": 0.9419263456090652,
  "accuracy_degradation": -0.0010623229461756978,
  "fp32_f1": 0.9483043481626648,
  "q17_f1": 0.9493648731802614,
  "f1_degradation": -0.0010605250175965697,
  "fp32_auc": 0.9980502345530841,
  "q17_auc": 0.9980431539403568,
  "auc_degradation": 7.080612727250468e-06,
  "mean_prediction_difference": 0.0003927381185349077,
  "max_prediction_difference": 0.05820333957672119,
  "changed_predictions": 6,
  "changed_predictions_rate": 0.002124645892351275,
  "validation_passed": true,
  "thresholds": {
    "max_mean_diff": 0.02,
    "max_changed_rate": 0.05,
    "max_degradation": 0.01
  }
}