{
  "timestamp": "2026-04-17",
  "mode": "multiclasse",
  "fp32_accuracy": 0.9592033408287826,
  "q17_accuracy": 0.9595245743655637,
  "accuracy_degradation": -0.0003212335367811514,
  "fp32_f1": 0.964753432319418,
  "q17_f1": 0.965040290530996,
  "f1_degradation": -0.0002868582115780338,
  "fp32_auc": 0.9986227826435258,
  "q17_auc": 0.998631203392825,
  "auc_degradation": -8.420749299187236e-06,
  "mean_prediction_difference": 0.0003178740735165775,
  "max_prediction_difference": 0.07806554436683655,
  "changed_predictions": 5,
  "changed_predictions_rate": 0.0016061676839061998,
  "validation_passed": true,
  "thresholds": {
    "max_mean_diff": 0.02,
    "max_changed_rate": 0.05,
    "max_degradation": 0.01
  }
}