{
  "auc_ovr_macro": 0.9980502345530841,
  "macro_f1": 0.9483043481626648,
  "balanced_accuracy": 0.9539308139838344,
  "unknown_recall": 0.8891928864569083,
  "authorized_recall_macro": 0.9589106545628285
}